<?xml version="1.0"?>
<doc>
    <assembly>
        <name>Microsoft.AspNetCore.Server.Kestrel.Transport.Libuv</name>
    </assembly>
    <members>
        <member name="T:Microsoft.AspNetCore.Server.Kestrel.Transport.Libuv.Internal.Listener">
            <summary>
            Base class for listeners in Kestrel. Listens for incoming connections
            </summary>
        </member>
        <member name="M:Microsoft.AspNetCore.Server.Kestrel.Transport.Libuv.Internal.Listener.CreateListenSocket">
            <summary>
            Creates the socket used to listen for incoming connections
            </summary>
        </member>
        <member name="M:Microsoft.AspNetCore.Server.Kestrel.Transport.Libuv.Internal.Listener.OnConnection(Microsoft.AspNetCore.Server.Kestrel.Transport.Libuv.Internal.Networking.UvStreamHandle,System.Int32)">
            <summary>
            Handles an incoming connection
            </summary>
            <param name="listenSocket">Socket being used to listen on</param>
            <param name="status">Connection status</param>
        </member>
        <member name="M:Microsoft.AspNetCore.Server.Kestrel.Transport.Libuv.Internal.ListenerContext.CreateAcceptSocket">
            <summary>
            Creates a socket which can be used to accept an incoming connection.
            </summary>
        </member>
        <member name="T:Microsoft.AspNetCore.Server.Kestrel.Transport.Libuv.Internal.ListenerPrimary">
            <summary>
            A primary listener waits for incoming connections on a specified socket. Incoming
            connections may be passed to a secondary listener to handle.
            </summary>
        </member>
        <member name="P:Microsoft.AspNetCore.Server.Kestrel.Transport.Libuv.Internal.ListenerPrimary.UvPipeCount">
            <summary>
            For testing purposes.
            </summary>
        </member>
        <member name="T:Microsoft.AspNetCore.Server.Kestrel.Transport.Libuv.Internal.ListenerSecondary">
            <summary>
            A secondary listener is delegated requests from a primary listener via a named pipe or
            UNIX domain socket.
            </summary>
        </member>
        <member name="T:Microsoft.AspNetCore.Server.Kestrel.Transport.Libuv.Internal.Networking.UvConnectRequest">
            <summary>
            Summary description for UvWriteRequest
            </summary>
        </member>
        <member name="T:Microsoft.AspNetCore.Server.Kestrel.Transport.Libuv.Internal.Networking.UvMemory">
            <summary>
            Summary description for UvMemory
            </summary>
        </member>
        <member name="T:Microsoft.AspNetCore.Server.Kestrel.Transport.Libuv.Internal.Networking.UvWriteReq">
            <summary>
            Summary description for UvWriteRequest
            </summary>
        </member>
        <member name="T:Microsoft.AspNetCore.Server.Kestrel.Transport.Libuv.LibuvTransportOptions">
            <summary>
            Provides programmatic configuration of Libuv transport features.
            </summary>
        </member>
        <member name="P:Microsoft.AspNetCore.Server.Kestrel.Transport.Libuv.LibuvTransportOptions.ThreadCount">
            <summary>
            The number of libuv I/O threads used to process requests.
            </summary>
            <remarks>
            Defaults to half of <see cref="P:System.Environment.ProcessorCount" /> rounded down and clamped between 1 and 16.
            </remarks>
        </member>
        <member name="M:Microsoft.AspNetCore.Hosting.WebHostBuilderLibuvExtensions.UseLibuv(Microsoft.AspNetCore.Hosting.IWebHostBuilder)">
            <summary>
            Specify Libuv as the transport to be used by Kestrel.
            </summary>
            <param name="hostBuilder">
            The Microsoft.AspNetCore.Hosting.IWebHostBuilder to configure.
            </param>
            <returns>
            The Microsoft.AspNetCore.Hosting.IWebHostBuilder.
            </returns>
        </member>
        <member name="M:Microsoft.AspNetCore.Hosting.WebHostBuilderLibuvExtensions.UseLibuv(Microsoft.AspNetCore.Hosting.IWebHostBuilder,System.Action{Microsoft.AspNetCore.Server.Kestrel.Transport.Libuv.LibuvTransportOptions})">
            <summary>
            Specify Libuv as the transport to be used by Kestrel.
            </summary>
            <param name="hostBuilder">
            The Microsoft.AspNetCore.Hosting.IWebHostBuilder to configure.
            </param>
            <param name="configureOptions">
            A callback to configure Libuv options.
            </param>
            <returns>
            The Microsoft.AspNetCore.Hosting.IWebHostBuilder.
            </returns>
        </member>
    </members>
</doc>
